review_row_id,original_sample_id,esl_language,split,ind,source_id,activity_label,original_prompt,modified_prompt,ending_1,ending_2,ending_3,ending_4,correct_option,gold_answer,R1_Meaning,R2_Meaning,Final_Meaning,R1_Key_Info,R2_Key_Info,Final_Key_Info,R1_Answer_Preserved,R2_Answer_Preserved,Final_Answer_Preserved,R1_Realism,R2_Realism,Final_Realism,R1_Readability,R2_Readability,Final_Readability,R1_Comments,R2_Comments,Final_Comments
HS_REVIEW_001,HS_ORIG_01,arabic,val,23671,wikihow~39096,Personal Care and Style,"[header] How to deal with oily straight hair [title] Eat protein rich food. [step] Because our hair is made up of proteins, we need them. Protein rich foods are cottage cheese (paneer), lentils (daal), soybean, soy milk, soy products, tofu, tempeh, beans, etc.","How to deal greasy straight hair. Eat food rich protein plus because our hair is made up proteins, we need them. Protein rich foods can be cheese, beans, milk, product, curd, etc.","[title] Cut out unhealthy food. [step] Avoid junk foods, caffeinated drinks, anything containing processed flour, like biscuits, pastries, etc.","These foods are inexpensive, nutritious, and easy to keep in your diet. When you eat them daily, your body automatically gets pre-hydrated.",", and need small amounts of protein, but if your hair is open and oily on the scalp, then the amount you get is more concentrated. [substeps] Stick to lean proteins like black bean, tuna, processed oatmeal, or flax oil.",", and they are most often found in red meat, beef, pork, and egg whites. Proteins in produce are also found in fiber, vitamins, minerals, carbohydrates, seafood, and whole grains.",1,"[title] Cut out unhealthy food. [step] Avoid junk foods, caffeinated drinks, anything containing processed flour, like biscuits, pastries, etc.",,,,,,,,,,,,,,,,,,
HS_REVIEW_002,HS_ORIG_01,chinese,val,23671,wikihow~39096,Personal Care and Style,"[header] How to deal with oily straight hair [title] Eat protein rich food. [step] Because our hair is made up of proteins, we need them. Protein rich foods are cottage cheese (paneer), lentils (daal), soybean, soy milk, soy products, tofu, tempeh, beans, etc.","How to deal with greasy straight hair. Eat food rich in protein plus because my hair is made up of proteins, we need them. Protein rich foods can be cheese, beans, milk, products, curd, etc.","[title] Cut out unhealthy food. [step] Avoid junk foods, caffeinated drinks, anything containing processed flour, like biscuits, pastries, etc.","These foods are inexpensive, nutritious, and easy to keep in your diet. When you eat them daily, your body automatically gets pre-hydrated.",", and need small amounts of protein, but if your hair is open and oily on the scalp, then the amount you get is more concentrated. [substeps] Stick to lean proteins like black bean, tuna, processed oatmeal, or flax oil.",", and they are most often found in red meat, beef, pork, and egg whites. Proteins in produce are also found in fiber, vitamins, minerals, carbohydrates, seafood, and whole grains.",1,"[title] Cut out unhealthy food. [step] Avoid junk foods, caffeinated drinks, anything containing processed flour, like biscuits, pastries, etc.",,,,,,,,,,,,,,,,,,
HS_REVIEW_003,HS_ORIG_01,french,val,23671,wikihow~39096,Personal Care and Style,"[header] How to deal with oily straight hair [title] Eat protein rich food. [step] Because our hair is made up of proteins, we need them. Protein rich foods are cottage cheese (paneer), lentils (daal), soybean, soy milk, soy products, tofu, tempeh, beans, etc.","How to deal with greasy straight hair. Eat food rich protein plus because our hair is made up of proteins, we need them. Protein rich foods can be cheese, beans, milk, products, curd, etc.","[title] Cut out unhealthy food. [step] Avoid junk foods, caffeinated drinks, anything containing processed flour, like biscuits, pastries, etc.","These foods are inexpensive, nutritious, and easy to keep in your diet. When you eat them daily, your body automatically gets pre-hydrated.",", and need small amounts of protein, but if your hair is open and oily on the scalp, then the amount you get is more concentrated. [substeps] Stick to lean proteins like black bean, tuna, processed oatmeal, or flax oil.",", and they are most often found in red meat, beef, pork, and egg whites. Proteins in produce are also found in fiber, vitamins, minerals, carbohydrates, seafood, and whole grains.",1,"[title] Cut out unhealthy food. [step] Avoid junk foods, caffeinated drinks, anything containing processed flour, like biscuits, pastries, etc.",,,,,,,,,,,,,,,,,,
HS_REVIEW_004,HS_ORIG_01,german,val,23671,wikihow~39096,Personal Care and Style,"[header] How to deal with oily straight hair [title] Eat protein rich food. [step] Because our hair is made up of proteins, we need them. Protein rich foods are cottage cheese (paneer), lentils (daal), soybean, soy milk, soy products, tofu, tempeh, beans, etc.","How to deal with grease straight hair. Eat food rich protein plus because our hair is made up of proteins, we need them. Protein rich foods can be cheese, beans, milk, products, curd, etc.","[title] Cut out unhealthy food. [step] Avoid junk foods, caffeinated drinks, anything containing processed flour, like biscuits, pastries, etc.","These foods are inexpensive, nutritious, and easy to keep in your diet. When you eat them daily, your body automatically gets pre-hydrated.",", and need small amounts of protein, but if your hair is open and oily on the scalp, then the amount you get is more concentrated. [substeps] Stick to lean proteins like black bean, tuna, processed oatmeal, or flax oil.",", and they are most often found in red meat, beef, pork, and egg whites. Proteins in produce are also found in fiber, vitamins, minerals, carbohydrates, seafood, and whole grains.",1,"[title] Cut out unhealthy food. [step] Avoid junk foods, caffeinated drinks, anything containing processed flour, like biscuits, pastries, etc.",,,,,,,,,,,,,,,,,,
HS_REVIEW_005,HS_ORIG_01,japanese,val,23671,wikihow~39096,Personal Care and Style,"[header] How to deal with oily straight hair [title] Eat protein rich food. [step] Because our hair is made up of proteins, we need them. Protein rich foods are cottage cheese (paneer), lentils (daal), soybean, soy milk, soy products, tofu, tempeh, beans, etc.","How to deal with greasy straight haire? Eat food rich in protein because our haire are being made up of proteins, we need them. Protein rich foods can be able to be cheese, beans, milk, products, curd, etc.","[title] Cut out unhealthy food. [step] Avoid junk foods, caffeinated drinks, anything containing processed flour, like biscuits, pastries, etc.","These foods are inexpensive, nutritious, and easy to keep in your diet. When you eat them daily, your body automatically gets pre-hydrated.",", and need small amounts of protein, but if your hair is open and oily on the scalp, then the amount you get is more concentrated. [substeps] Stick to lean proteins like black bean, tuna, processed oatmeal, or flax oil.",", and they are most often found in red meat, beef, pork, and egg whites. Proteins in produce are also found in fiber, vitamins, minerals, carbohydrates, seafood, and whole grains.",1,"[title] Cut out unhealthy food. [step] Avoid junk foods, caffeinated drinks, anything containing processed flour, like biscuits, pastries, etc.",,,,,,,,,,,,,,,,,,
HS_REVIEW_006,HS_ORIG_01,portuguese,val,23671,wikihow~39096,Personal Care and Style,"[header] How to deal with oily straight hair [title] Eat protein rich food. [step] Because our hair is made up of proteins, we need them. Protein rich foods are cottage cheese (paneer), lentils (daal), soybean, soy milk, soy products, tofu, tempeh, beans, etc.","How to deal with greasy straight hair. Eat food rich in protein plus because our hair is made up of proteins, is need them protein rich. Protein rich foods can be cheese, beans, milk, product, curd, etc.","[title] Cut out unhealthy food. [step] Avoid junk foods, caffeinated drinks, anything containing processed flour, like biscuits, pastries, etc.","These foods are inexpensive, nutritious, and easy to keep in your diet. When you eat them daily, your body automatically gets pre-hydrated.",", and need small amounts of protein, but if your hair is open and oily on the scalp, then the amount you get is more concentrated. [substeps] Stick to lean proteins like black bean, tuna, processed oatmeal, or flax oil.",", and they are most often found in red meat, beef, pork, and egg whites. Proteins in produce are also found in fiber, vitamins, minerals, carbohydrates, seafood, and whole grains.",1,"[title] Cut out unhealthy food. [step] Avoid junk foods, caffeinated drinks, anything containing processed flour, like biscuits, pastries, etc.",,,,,,,,,,,,,,,,,,
HS_REVIEW_007,HS_ORIG_01,russian,val,23671,wikihow~39096,Personal Care and Style,"[header] How to deal with oily straight hair [title] Eat protein rich food. [step] Because our hair is made up of proteins, we need them. Protein rich foods are cottage cheese (paneer), lentils (daal), soybean, soy milk, soy products, tofu, tempeh, beans, etc.","How to deal with greasy straight hair. Eat food rich in protein plus because our hair is made up proteins, we has need them. Protein rich foods can be cheese, beans, milk, products, curd, etc.","[title] Cut out unhealthy food. [step] Avoid junk foods, caffeinated drinks, anything containing processed flour, like biscuits, pastries, etc.","These foods are inexpensive, nutritious, and easy to keep in your diet. When you eat them daily, your body automatically gets pre-hydrated.",", and need small amounts of protein, but if your hair is open and oily on the scalp, then the amount you get is more concentrated. [substeps] Stick to lean proteins like black bean, tuna, processed oatmeal, or flax oil.",", and they are most often found in red meat, beef, pork, and egg whites. Proteins in produce are also found in fiber, vitamins, minerals, carbohydrates, seafood, and whole grains.",1,"[title] Cut out unhealthy food. [step] Avoid junk foods, caffeinated drinks, anything containing processed flour, like biscuits, pastries, etc.",,,,,,,,,,,,,,,,,,
HS_REVIEW_008,HS_ORIG_01,spanish,val,23671,wikihow~39096,Personal Care and Style,"[header] How to deal with oily straight hair [title] Eat protein rich food. [step] Because our hair is made up of proteins, we need them. Protein rich foods are cottage cheese (paneer), lentils (daal), soybean, soy milk, soy products, tofu, tempeh, beans, etc.","How to deal with greasy straight a hair. Eat food rich protein plus because our hair is made up of proteins, we need them. Protein rich foods can be cheese, beans, milk, product, curd, etc.","[title] Cut out unhealthy food. [step] Avoid junk foods, caffeinated drinks, anything containing processed flour, like biscuits, pastries, etc.","These foods are inexpensive, nutritious, and easy to keep in your diet. When you eat them daily, your body automatically gets pre-hydrated.",", and need small amounts of protein, but if your hair is open and oily on the scalp, then the amount you get is more concentrated. [substeps] Stick to lean proteins like black bean, tuna, processed oatmeal, or flax oil.",", and they are most often found in red meat, beef, pork, and egg whites. Proteins in produce are also found in fiber, vitamins, minerals, carbohydrates, seafood, and whole grains.",1,"[title] Cut out unhealthy food. [step] Avoid junk foods, caffeinated drinks, anything containing processed flour, like biscuits, pastries, etc.",,,,,,,,,,,,,,,,,,
HS_REVIEW_009,HS_ORIG_02,arabic,val,35533,wikihow~58526,Food and Entertaining,[header] How to make apple jam [title] Peel and chop your apples. [step] Wash your apples and peel them. Core the apples to remove their stems.,"""You removing skin and cutting your apple, plus washing these one and removing skin them. Taking out a middle these one to remove the stick.""",Trim the apples into smaller pieces to use as jam. Use 3 to 4 large apple chunks in the jam.,Some may have chunks of skin if you cut them off. You'll need about two peeled apples for the total jam.,"Carefully dice the apples finely so they're no larger than 1/4 "" cubes. Place all of the apples in a large 4-cup measuring cup.","From the core, you should cut off all the small, stringy flesh. You should also grate them on a separate cutting board.",3,"Carefully dice the apples finely so they're no larger than 1/4 "" cubes. Place all of the apples in a large 4-cup measuring cup.",,,,,,,,,,,,,,,,,,
HS_REVIEW_010,HS_ORIG_02,chinese,val,35533,wikihow~58526,Food and Entertaining,[header] How to make apple jam [title] Peel and chop your apples. [step] Wash your apples and peel them. Core the apples to remove their stems.,"You removing skin and cutting your apples, plus washing these and removing skin them. Taking out a middle of these to remove an sticks.",Trim the apples into smaller pieces to use as jam. Use 3 to 4 large apple chunks in the jam.,Some may have chunks of skin if you cut them off. You'll need about two peeled apples for the total jam.,"Carefully dice the apples finely so they're no larger than 1/4 "" cubes. Place all of the apples in a large 4-cup measuring cup.","From the core, you should cut off all the small, stringy flesh. You should also grate them on a separate cutting board.",3,"Carefully dice the apples finely so they're no larger than 1/4 "" cubes. Place all of the apples in a large 4-cup measuring cup.",,,,,,,,,,,,,,,,,,
HS_REVIEW_011,HS_ORIG_02,french,val,35533,wikihow~58526,Food and Entertaining,[header] How to make apple jam [title] Peel and chop your apples. [step] Wash your apples and peel them. Core the apples to remove their stems.,"""You to remove skin and to cut your apples, plus washing these ones and to remove skin them. To take out the middle these ones to remove their sticks.""",Trim the apples into smaller pieces to use as jam. Use 3 to 4 large apple chunks in the jam.,Some may have chunks of skin if you cut them off. You'll need about two peeled apples for the total jam.,"Carefully dice the apples finely so they're no larger than 1/4 "" cubes. Place all of the apples in a large 4-cup measuring cup.","From the core, you should cut off all the small, stringy flesh. You should also grate them on a separate cutting board.",3,"Carefully dice the apples finely so they're no larger than 1/4 "" cubes. Place all of the apples in a large 4-cup measuring cup.",,,,,,,,,,,,,,,,,,
HS_REVIEW_012,HS_ORIG_02,german,val,35533,wikihow~58526,Food and Entertaining,[header] How to make apple jam [title] Peel and chop your apples. [step] Wash your apples and peel them. Core the apples to remove their stems.,"You removingly skin and cutting your apples, plus washing these ones and removing skin them. Taking out the middle these ones to remove their sticks.",Trim the apples into smaller pieces to use as jam. Use 3 to 4 large apple chunks in the jam.,Some may have chunks of skin if you cut them off. You'll need about two peeled apples for the total jam.,"Carefully dice the apples finely so they're no larger than 1/4 "" cubes. Place all of the apples in a large 4-cup measuring cup.","From the core, you should cut off all the small, stringy flesh. You should also grate them on a separate cutting board.",3,"Carefully dice the apples finely so they're no larger than 1/4 "" cubes. Place all of the apples in a large 4-cup measuring cup.",,,,,,,,,,,,,,,,,,
HS_REVIEW_013,HS_ORIG_02,japanese,val,35533,wikihow~58526,Food and Entertaining,[header] How to make apple jam [title] Peel and chop your apples. [step] Wash your apples and peel them. Core the apples to remove their stems.,"""You to remove skin and to cut your the apples, plus washing these the ones and to remove skin them. Taking out the middle these the ones to remove their sticks.""",Trim the apples into smaller pieces to use as jam. Use 3 to 4 large apple chunks in the jam.,Some may have chunks of skin if you cut them off. You'll need about two peeled apples for the total jam.,"Carefully dice the apples finely so they're no larger than 1/4 "" cubes. Place all of the apples in a large 4-cup measuring cup.","From the core, you should cut off all the small, stringy flesh. You should also grate them on a separate cutting board.",3,"Carefully dice the apples finely so they're no larger than 1/4 "" cubes. Place all of the apples in a large 4-cup measuring cup.",,,,,,,,,,,,,,,,,,
HS_REVIEW_014,HS_ORIG_02,portuguese,val,35533,wikihow~58526,Food and Entertaining,[header] How to make apple jam [title] Peel and chop your apples. [step] Wash your apples and peel them. Core the apples to remove their stems.,"You are removing skin and cutting your apples, plus washing these ones to remove skin and to remove skin them. Taking out the middle these ones to remove their sticks are.",Trim the apples into smaller pieces to use as jam. Use 3 to 4 large apple chunks in the jam.,Some may have chunks of skin if you cut them off. You'll need about two peeled apples for the total jam.,"Carefully dice the apples finely so they're no larger than 1/4 "" cubes. Place all of the apples in a large 4-cup measuring cup.","From the core, you should cut off all the small, stringy flesh. You should also grate them on a separate cutting board.",3,"Carefully dice the apples finely so they're no larger than 1/4 "" cubes. Place all of the apples in a large 4-cup measuring cup.",,,,,,,,,,,,,,,,,,
HS_REVIEW_015,HS_ORIG_02,russian,val,35533,wikihow~58526,Food and Entertaining,[header] How to make apple jam [title] Peel and chop your apples. [step] Wash your apples and peel them. Core the apples to remove their stems.,"""Are removing skin and cutting apples, plus washing these ones and removing of skin them. Taking out a middle of these ones to remove their sticks.""",Trim the apples into smaller pieces to use as jam. Use 3 to 4 large apple chunks in the jam.,Some may have chunks of skin if you cut them off. You'll need about two peeled apples for the total jam.,"Carefully dice the apples finely so they're no larger than 1/4 "" cubes. Place all of the apples in a large 4-cup measuring cup.","From the core, you should cut off all the small, stringy flesh. You should also grate them on a separate cutting board.",3,"Carefully dice the apples finely so they're no larger than 1/4 "" cubes. Place all of the apples in a large 4-cup measuring cup.",,,,,,,,,,,,,,,,,,
HS_REVIEW_016,HS_ORIG_02,spanish,val,35533,wikihow~58526,Food and Entertaining,[header] How to make apple jam [title] Peel and chop your apples. [step] Wash your apples and peel them. Core the apples to remove their stems.,"You removing a skins and cutting do your apples, plus washing these ones and removing a skins them. Taking out the middle these ones to remove their sticks.",Trim the apples into smaller pieces to use as jam. Use 3 to 4 large apple chunks in the jam.,Some may have chunks of skin if you cut them off. You'll need about two peeled apples for the total jam.,"Carefully dice the apples finely so they're no larger than 1/4 "" cubes. Place all of the apples in a large 4-cup measuring cup.","From the core, you should cut off all the small, stringy flesh. You should also grate them on a separate cutting board.",3,"Carefully dice the apples finely so they're no larger than 1/4 "" cubes. Place all of the apples in a large 4-cup measuring cup.",,,,,,,,,,,,,,,,,,
HS_REVIEW_017,HS_ORIG_03,arabic,val,40915,wikihow~67304,Personal Care and Style,"[header] How to hide belly fat [title] Avoid tight or clingy clothes to distract the eye. [step] Overly form-fitting garments can bring unwanted attention to excess fat around the midsection. Instead, choose fabrics and styles that have a bit more give and stretch to them.","""How to hide tummy fat. Avoid short or tight an cloth this to have take the eye away plus an overly form-fitting can bring bad attention to extra fat around the middle. Instead, choose a materials and styles that can be more room and give to them.""","[substeps] For instance, think fit a skinny-minnie a chunky cardigan, or try a high-waisted maxi dress. [title] Alter your body shape in the months after having a baby.","[substeps] Lycra, satin, and jersey fabrics will all cling to the body in an unflattering manner, while sturdy cotton, velvet, and wool blends make for forgiving garments. Tops or dresses with draping are a good options, as well as sweaters in cashmere or a lightweight cotton.","[substeps] Skinny clothes like jeans and trousers are also appropriate. Tight, constricting clothing can significantly emphasize your belly fat to attract attention.","[substeps] Loose or tight clothing often calls attention to excess fat. When you wear tight clothing, the excess skin rises to the surface and causes difficult redistribution in the belly.",2,"[substeps] Lycra, satin, and jersey fabrics will all cling to the body in an unflattering manner, while sturdy cotton, velvet, and wool blends make for forgiving garments. Tops or dresses with draping are a good options, as well as sweaters in cashmere or a lightweight cotton.",,,,,,,,,,,,,,,,,,
HS_REVIEW_018,HS_ORIG_03,chinese,val,40915,wikihow~67304,Personal Care and Style,"[header] How to hide belly fat [title] Avoid tight or clingy clothes to distract the eye. [step] Overly form-fitting garments can bring unwanted attention to excess fat around the midsection. Instead, choose fabrics and styles that have a bit more give and stretch to them.","""How to hide tummy fat. Avoids short or tight clothes those to have take a eye away plus clothes overly form-fitting can bring bad attention to extra fat around the middle. Instead, choose materials and styles that can be more room and give to those.""","[substeps] For instance, think fit a skinny-minnie a chunky cardigan, or try a high-waisted maxi dress. [title] Alter your body shape in the months after having a baby.","[substeps] Lycra, satin, and jersey fabrics will all cling to the body in an unflattering manner, while sturdy cotton, velvet, and wool blends make for forgiving garments. Tops or dresses with draping are a good options, as well as sweaters in cashmere or a lightweight cotton.","[substeps] Skinny clothes like jeans and trousers are also appropriate. Tight, constricting clothing can significantly emphasize your belly fat to attract attention.","[substeps] Loose or tight clothing often calls attention to excess fat. When you wear tight clothing, the excess skin rises to the surface and causes difficult redistribution in the belly.",2,"[substeps] Lycra, satin, and jersey fabrics will all cling to the body in an unflattering manner, while sturdy cotton, velvet, and wool blends make for forgiving garments. Tops or dresses with draping are a good options, as well as sweaters in cashmere or a lightweight cotton.",,,,,,,,,,,,,,,,,,
HS_REVIEW_019,HS_ORIG_03,french,val,40915,wikihow~67304,Personal Care and Style,"[header] How to hide belly fat [title] Avoid tight or clingy clothes to distract the eye. [step] Overly form-fitting garments can bring unwanted attention to excess fat around the midsection. Instead, choose fabrics and styles that have a bit more give and stretch to them.","""How to hide tummy fat. Avoid short or tight clothes them have take the eye away plus clothes overly form-fitting can bring bad attention extra fat the middle. Instead, choose materials and styles that can be more room and give them.""","[substeps] For instance, think fit a skinny-minnie a chunky cardigan, or try a high-waisted maxi dress. [title] Alter your body shape in the months after having a baby.","[substeps] Lycra, satin, and jersey fabrics will all cling to the body in an unflattering manner, while sturdy cotton, velvet, and wool blends make for forgiving garments. Tops or dresses with draping are a good options, as well as sweaters in cashmere or a lightweight cotton.","[substeps] Skinny clothes like jeans and trousers are also appropriate. Tight, constricting clothing can significantly emphasize your belly fat to attract attention.","[substeps] Loose or tight clothing often calls attention to excess fat. When you wear tight clothing, the excess skin rises to the surface and causes difficult redistribution in the belly.",2,"[substeps] Lycra, satin, and jersey fabrics will all cling to the body in an unflattering manner, while sturdy cotton, velvet, and wool blends make for forgiving garments. Tops or dresses with draping are a good options, as well as sweaters in cashmere or a lightweight cotton.",,,,,,,,,,,,,,,,,,
HS_REVIEW_020,HS_ORIG_03,german,val,40915,wikihow~67304,Personal Care and Style,"[header] How to hide belly fat [title] Avoid tight or clingy clothes to distract the eye. [step] Overly form-fitting garments can bring unwanted attention to excess fat around the midsection. Instead, choose fabrics and styles that have a bit more give and stretch to them.","""How hide tummy fat. Avoid short or tight clothes much have take the eye away plus clothes too form-fitting can bring bad attention extra fat the middle. Instead, choose materials and styles that can be more room give them.""","[substeps] For instance, think fit a skinny-minnie a chunky cardigan, or try a high-waisted maxi dress. [title] Alter your body shape in the months after having a baby.","[substeps] Lycra, satin, and jersey fabrics will all cling to the body in an unflattering manner, while sturdy cotton, velvet, and wool blends make for forgiving garments. Tops or dresses with draping are a good options, as well as sweaters in cashmere or a lightweight cotton.","[substeps] Skinny clothes like jeans and trousers are also appropriate. Tight, constricting clothing can significantly emphasize your belly fat to attract attention.","[substeps] Loose or tight clothing often calls attention to excess fat. When you wear tight clothing, the excess skin rises to the surface and causes difficult redistribution in the belly.",2,"[substeps] Lycra, satin, and jersey fabrics will all cling to the body in an unflattering manner, while sturdy cotton, velvet, and wool blends make for forgiving garments. Tops or dresses with draping are a good options, as well as sweaters in cashmere or a lightweight cotton.",,,,,,,,,,,,,,,,,,
HS_REVIEW_021,HS_ORIG_03,japanese,val,40915,wikihow~67304,Personal Care and Style,"[header] How to hide belly fat [title] Avoid tight or clingy clothes to distract the eye. [step] Overly form-fitting garments can bring unwanted attention to excess fat around the midsection. Instead, choose fabrics and styles that have a bit more give and stretch to them.","""How to hide tummy fat. Avoid short or tight clothe the to having take the eye away plus clothe overly form-fitting can bring bad attention to extra fat around the middle. Instead, choose materials and styles that can able to be more room and give to .""","[substeps] For instance, think fit a skinny-minnie a chunky cardigan, or try a high-waisted maxi dress. [title] Alter your body shape in the months after having a baby.","[substeps] Lycra, satin, and jersey fabrics will all cling to the body in an unflattering manner, while sturdy cotton, velvet, and wool blends make for forgiving garments. Tops or dresses with draping are a good options, as well as sweaters in cashmere or a lightweight cotton.","[substeps] Skinny clothes like jeans and trousers are also appropriate. Tight, constricting clothing can significantly emphasize your belly fat to attract attention.","[substeps] Loose or tight clothing often calls attention to excess fat. When you wear tight clothing, the excess skin rises to the surface and causes difficult redistribution in the belly.",2,"[substeps] Lycra, satin, and jersey fabrics will all cling to the body in an unflattering manner, while sturdy cotton, velvet, and wool blends make for forgiving garments. Tops or dresses with draping are a good options, as well as sweaters in cashmere or a lightweight cotton.",,,,,,,,,,,,,,,,,,
HS_REVIEW_022,HS_ORIG_03,portuguese,val,40915,wikihow~67304,Personal Care and Style,"[header] How to hide belly fat [title] Avoid tight or clingy clothes to distract the eye. [step] Overly form-fitting garments can bring unwanted attention to excess fat around the midsection. Instead, choose fabrics and styles that have a bit more give and stretch to them.","""How to hide tummy fat. Avoid short or tight cloth them cloth have take the eye away plus cloth overly form-fitting can bring bad attention extra fat the middle. Instead, choose materials and styles that can be more room and give them.""","[substeps] For instance, think fit a skinny-minnie a chunky cardigan, or try a high-waisted maxi dress. [title] Alter your body shape in the months after having a baby.","[substeps] Lycra, satin, and jersey fabrics will all cling to the body in an unflattering manner, while sturdy cotton, velvet, and wool blends make for forgiving garments. Tops or dresses with draping are a good options, as well as sweaters in cashmere or a lightweight cotton.","[substeps] Skinny clothes like jeans and trousers are also appropriate. Tight, constricting clothing can significantly emphasize your belly fat to attract attention.","[substeps] Loose or tight clothing often calls attention to excess fat. When you wear tight clothing, the excess skin rises to the surface and causes difficult redistribution in the belly.",2,"[substeps] Lycra, satin, and jersey fabrics will all cling to the body in an unflattering manner, while sturdy cotton, velvet, and wool blends make for forgiving garments. Tops or dresses with draping are a good options, as well as sweaters in cashmere or a lightweight cotton.",,,,,,,,,,,,,,,,,,
HS_REVIEW_023,HS_ORIG_03,russian,val,40915,wikihow~67304,Personal Care and Style,"[header] How to hide belly fat [title] Avoid tight or clingy clothes to distract the eye. [step] Overly form-fitting garments can bring unwanted attention to excess fat around the midsection. Instead, choose fabrics and styles that have a bit more give and stretch to them.","""How to hide tummy fat. Avoid short or tight clothes to them have take the eye away plus clothes overly form-fitting can bring bad attention on extra fat a middle. Instead, choose materials and styles that can do be more room give them.""","[substeps] For instance, think fit a skinny-minnie a chunky cardigan, or try a high-waisted maxi dress. [title] Alter your body shape in the months after having a baby.","[substeps] Lycra, satin, and jersey fabrics will all cling to the body in an unflattering manner, while sturdy cotton, velvet, and wool blends make for forgiving garments. Tops or dresses with draping are a good options, as well as sweaters in cashmere or a lightweight cotton.","[substeps] Skinny clothes like jeans and trousers are also appropriate. Tight, constricting clothing can significantly emphasize your belly fat to attract attention.","[substeps] Loose or tight clothing often calls attention to excess fat. When you wear tight clothing, the excess skin rises to the surface and causes difficult redistribution in the belly.",2,"[substeps] Lycra, satin, and jersey fabrics will all cling to the body in an unflattering manner, while sturdy cotton, velvet, and wool blends make for forgiving garments. Tops or dresses with draping are a good options, as well as sweaters in cashmere or a lightweight cotton.",,,,,,,,,,,,,,,,,,
HS_REVIEW_024,HS_ORIG_03,spanish,val,40915,wikihow~67304,Personal Care and Style,"[header] How to hide belly fat [title] Avoid tight or clingy clothes to distract the eye. [step] Overly form-fitting garments can bring unwanted attention to excess fat around the midsection. Instead, choose fabrics and styles that have a bit more give and stretch to them.","""How to hide tummy fat. Avoid short or tight cloth it have do take the eye away plus cloth overly form-fitting can bring bad attention extra fat around the middle. Instead, choose materials and styles that can be more room and give it.""","[substeps] For instance, think fit a skinny-minnie a chunky cardigan, or try a high-waisted maxi dress. [title] Alter your body shape in the months after having a baby.","[substeps] Lycra, satin, and jersey fabrics will all cling to the body in an unflattering manner, while sturdy cotton, velvet, and wool blends make for forgiving garments. Tops or dresses with draping are a good options, as well as sweaters in cashmere or a lightweight cotton.","[substeps] Skinny clothes like jeans and trousers are also appropriate. Tight, constricting clothing can significantly emphasize your belly fat to attract attention.","[substeps] Loose or tight clothing often calls attention to excess fat. When you wear tight clothing, the excess skin rises to the surface and causes difficult redistribution in the belly.",2,"[substeps] Lycra, satin, and jersey fabrics will all cling to the body in an unflattering manner, while sturdy cotton, velvet, and wool blends make for forgiving garments. Tops or dresses with draping are a good options, as well as sweaters in cashmere or a lightweight cotton.",,,,,,,,,,,,,,,,,,
HS_REVIEW_025,HS_ORIG_04,arabic,val,16889,wikihow~27943,Personal Care and Style,"[header] How to tell if jordans are fake [title] Examine the quality of the box. [step] Real jordans come packaged in a sturdy box. The lid should fit tightly, with no gaps.","""Real Jordan is coming strong boxes fitted perfectly closely, with no gaps.""","Be sure to also assess the durability of the box's lid. Before you buy a jordans box, ask your retailer or shop to provide you with a detailed list of optimal durability methods.",Valid fake mefixes often come with cover tabs that : [substeps] Have an unpleasant sound or scent which visitors can detect. Do not cover the lid when you lift it.,"There will be an air jordan "" jumpman "" logo on the lid and also on the side of the box. The printed colors on the packaging should appear even and uniform, with no areas of fading.","As for authenticity, read the box under a care light to determine if it is quality. Is it the perfect size? If so, this means the box is not fake.",3,"There will be an air jordan "" jumpman "" logo on the lid and also on the side of the box. The printed colors on the packaging should appear even and uniform, with no areas of fading.",,,,,,,,,,,,,,,,,,
HS_REVIEW_026,HS_ORIG_04,chinese,val,16889,wikihow~27943,Personal Care and Style,"[header] How to tell if jordans are fake [title] Examine the quality of the box. [step] Real jordans come packaged in a sturdy box. The lid should fit tightly, with no gaps.","""Real Jordans is coming in a strong box fitted perfectly closely, with no gaps.""","Be sure to also assess the durability of the box's lid. Before you buy a jordans box, ask your retailer or shop to provide you with a detailed list of optimal durability methods.",Valid fake mefixes often come with cover tabs that : [substeps] Have an unpleasant sound or scent which visitors can detect. Do not cover the lid when you lift it.,"There will be an air jordan "" jumpman "" logo on the lid and also on the side of the box. The printed colors on the packaging should appear even and uniform, with no areas of fading.","As for authenticity, read the box under a care light to determine if it is quality. Is it the perfect size? If so, this means the box is not fake.",3,"There will be an air jordan "" jumpman "" logo on the lid and also on the side of the box. The printed colors on the packaging should appear even and uniform, with no areas of fading.",,,,,,,,,,,,,,,,,,
HS_REVIEW_027,HS_ORIG_04,french,val,16889,wikihow~27943,Personal Care and Style,"[header] How to tell if jordans are fake [title] Examine the quality of the box. [step] Real jordans come packaged in a sturdy box. The lid should fit tightly, with no gaps.","""Real Jordans is coming a strong box fitted perfectly closely, with no gaps.""","Be sure to also assess the durability of the box's lid. Before you buy a jordans box, ask your retailer or shop to provide you with a detailed list of optimal durability methods.",Valid fake mefixes often come with cover tabs that : [substeps] Have an unpleasant sound or scent which visitors can detect. Do not cover the lid when you lift it.,"There will be an air jordan "" jumpman "" logo on the lid and also on the side of the box. The printed colors on the packaging should appear even and uniform, with no areas of fading.","As for authenticity, read the box under a care light to determine if it is quality. Is it the perfect size? If so, this means the box is not fake.",3,"There will be an air jordan "" jumpman "" logo on the lid and also on the side of the box. The printed colors on the packaging should appear even and uniform, with no areas of fading.",,,,,,,,,,,,,,,,,,
HS_REVIEW_028,HS_ORIG_04,german,val,16889,wikihow~27943,Personal Care and Style,"[header] How to tell if jordans are fake [title] Examine the quality of the box. [step] Real jordans come packaged in a sturdy box. The lid should fit tightly, with no gaps.","""Real Jordans is coming a strong box fitted perfectly close, with no gaps.""","Be sure to also assess the durability of the box's lid. Before you buy a jordans box, ask your retailer or shop to provide you with a detailed list of optimal durability methods.",Valid fake mefixes often come with cover tabs that : [substeps] Have an unpleasant sound or scent which visitors can detect. Do not cover the lid when you lift it.,"There will be an air jordan "" jumpman "" logo on the lid and also on the side of the box. The printed colors on the packaging should appear even and uniform, with no areas of fading.","As for authenticity, read the box under a care light to determine if it is quality. Is it the perfect size? If so, this means the box is not fake.",3,"There will be an air jordan "" jumpman "" logo on the lid and also on the side of the box. The printed colors on the packaging should appear even and uniform, with no areas of fading.",,,,,,,,,,,,,,,,,,
HS_REVIEW_029,HS_ORIG_04,japanese,val,16889,wikihow~27943,Personal Care and Style,"[header] How to tell if jordans are fake [title] Examine the quality of the box. [step] Real jordans come packaged in a sturdy box. The lid should fit tightly, with no gaps.","Real Jordan is being coming strength box fitted perfectly closely, with no gaps.","Be sure to also assess the durability of the box's lid. Before you buy a jordans box, ask your retailer or shop to provide you with a detailed list of optimal durability methods.",Valid fake mefixes often come with cover tabs that : [substeps] Have an unpleasant sound or scent which visitors can detect. Do not cover the lid when you lift it.,"There will be an air jordan "" jumpman "" logo on the lid and also on the side of the box. The printed colors on the packaging should appear even and uniform, with no areas of fading.","As for authenticity, read the box under a care light to determine if it is quality. Is it the perfect size? If so, this means the box is not fake.",3,"There will be an air jordan "" jumpman "" logo on the lid and also on the side of the box. The printed colors on the packaging should appear even and uniform, with no areas of fading.",,,,,,,,,,,,,,,,,,
HS_REVIEW_030,HS_ORIG_04,portuguese,val,16889,wikihow~27943,Personal Care and Style,"[header] How to tell if jordans are fake [title] Examine the quality of the box. [step] Real jordans come packaged in a sturdy box. The lid should fit tightly, with no gaps.","Real Jordan is coming in a strong box fitted perfectly closely closely, no gaps.","Be sure to also assess the durability of the box's lid. Before you buy a jordans box, ask your retailer or shop to provide you with a detailed list of optimal durability methods.",Valid fake mefixes often come with cover tabs that : [substeps] Have an unpleasant sound or scent which visitors can detect. Do not cover the lid when you lift it.,"There will be an air jordan "" jumpman "" logo on the lid and also on the side of the box. The printed colors on the packaging should appear even and uniform, with no areas of fading.","As for authenticity, read the box under a care light to determine if it is quality. Is it the perfect size? If so, this means the box is not fake.",3,"There will be an air jordan "" jumpman "" logo on the lid and also on the side of the box. The printed colors on the packaging should appear even and uniform, with no areas of fading.",,,,,,,,,,,,,,,,,,
HS_REVIEW_031,HS_ORIG_04,russian,val,16889,wikihow~27943,Personal Care and Style,"[header] How to tell if jordans are fake [title] Examine the quality of the box. [step] Real jordans come packaged in a sturdy box. The lid should fit tightly, with no gaps.","""Feels your emotions plus will is go a process easily if do not try to fight or hold what are feeling .""","Be sure to also assess the durability of the box's lid. Before you buy a jordans box, ask your retailer or shop to provide you with a detailed list of optimal durability methods.",Valid fake mefixes often come with cover tabs that : [substeps] Have an unpleasant sound or scent which visitors can detect. Do not cover the lid when you lift it.,"There will be an air jordan "" jumpman "" logo on the lid and also on the side of the box. The printed colors on the packaging should appear even and uniform, with no areas of fading.","As for authenticity, read the box under a care light to determine if it is quality. Is it the perfect size? If so, this means the box is not fake.",3,"There will be an air jordan "" jumpman "" logo on the lid and also on the side of the box. The printed colors on the packaging should appear even and uniform, with no areas of fading.",,,,,,,,,,,,,,,,,,
HS_REVIEW_032,HS_ORIG_04,spanish,val,16889,wikihow~27943,Personal Care and Style,"[header] How to tell if jordans are fake [title] Examine the quality of the box. [step] Real jordans come packaged in a sturdy box. The lid should fit tightly, with no gaps.","""Real Jordan is coming arriving an strong box fitted perfectly closely, with no gaps.""","Be sure to also assess the durability of the box's lid. Before you buy a jordans box, ask your retailer or shop to provide you with a detailed list of optimal durability methods.",Valid fake mefixes often come with cover tabs that : [substeps] Have an unpleasant sound or scent which visitors can detect. Do not cover the lid when you lift it.,"There will be an air jordan "" jumpman "" logo on the lid and also on the side of the box. The printed colors on the packaging should appear even and uniform, with no areas of fading.","As for authenticity, read the box under a care light to determine if it is quality. Is it the perfect size? If so, this means the box is not fake.",3,"There will be an air jordan "" jumpman "" logo on the lid and also on the side of the box. The printed colors on the packaging should appear even and uniform, with no areas of fading.",,,,,,,,,,,,,,,,,,
HS_REVIEW_033,HS_ORIG_05,arabic,val,5045,wikihow~8380,Holidays and Traditions,"[header] How to light kwanzaa candles [title] Get out your kwanzaa items on the morning of december 26th. [step] Kwanzaa starts the evening of december 26th, so you'll need to get all your items together that morning and afternoon. If you celebrate christmas or any other holiday, put those decorative items away before you set up for kwanzaa.","""Get out your kwanzaa items a morning December 26th. Kwanzaa starts a evening of December 26th, so needs to get all your items together morning and afternoon.""","You'll need about three warm-toned coloured candles which you can buy from stores such as salvation army, dollar store, costume house, and walmart. [title] Take any writing items with you to the store.","[step] If you're not sure what to put aside, look up websites like ebay and amazon to find something livable to put aside at the end of the night. Save your empty kwanzaa candle holders.","[substeps] Self-determination and the specific culture of africa is an important part of kwanzaa. You can still celebrate other holidays, but be sure the only holiday decorations up on december 26th are for kwanzaa.","Don't forget to put your candles back where you found them, if you replaced them. [title] Set up your table for kwanzaa candles.",3,"[substeps] Self-determination and the specific culture of africa is an important part of kwanzaa. You can still celebrate other holidays, but be sure the only holiday decorations up on december 26th are for kwanzaa.",,,,,,,,,,,,,,,,,,
HS_REVIEW_034,HS_ORIG_05,chinese,val,5045,wikihow~8380,Holidays and Traditions,"[header] How to light kwanzaa candles [title] Get out your kwanzaa items on the morning of december 26th. [step] Kwanzaa starts the evening of december 26th, so you'll need to get all your items together that morning and afternoon. If you celebrate christmas or any other holiday, put those decorative items away before you set up for kwanzaa.","""Get out your kwanzaa items on a morning December 26th. Kwanzaa start the evening of December 26th, so needs to get all your items together morning and afternoon.""","You'll need about three warm-toned coloured candles which you can buy from stores such as salvation army, dollar store, costume house, and walmart. [title] Take any writing items with you to the store.","[step] If you're not sure what to put aside, look up websites like ebay and amazon to find something livable to put aside at the end of the night. Save your empty kwanzaa candle holders.","[substeps] Self-determination and the specific culture of africa is an important part of kwanzaa. You can still celebrate other holidays, but be sure the only holiday decorations up on december 26th are for kwanzaa.","Don't forget to put your candles back where you found them, if you replaced them. [title] Set up your table for kwanzaa candles.",3,"[substeps] Self-determination and the specific culture of africa is an important part of kwanzaa. You can still celebrate other holidays, but be sure the only holiday decorations up on december 26th are for kwanzaa.",,,,,,,,,,,,,,,,,,
HS_REVIEW_035,HS_ORIG_05,french,val,5045,wikihow~8380,Holidays and Traditions,"[header] How to light kwanzaa candles [title] Get out your kwanzaa items on the morning of december 26th. [step] Kwanzaa starts the evening of december 26th, so you'll need to get all your items together that morning and afternoon. If you celebrate christmas or any other holiday, put those decorative items away before you set up for kwanzaa.","Get out your kwanzaa items the morning December 26th. Kwanzaa starts the evening December 26th, so you needs to get all your items together morning and afternoon.","You'll need about three warm-toned coloured candles which you can buy from stores such as salvation army, dollar store, costume house, and walmart. [title] Take any writing items with you to the store.","[step] If you're not sure what to put aside, look up websites like ebay and amazon to find something livable to put aside at the end of the night. Save your empty kwanzaa candle holders.","[substeps] Self-determination and the specific culture of africa is an important part of kwanzaa. You can still celebrate other holidays, but be sure the only holiday decorations up on december 26th are for kwanzaa.","Don't forget to put your candles back where you found them, if you replaced them. [title] Set up your table for kwanzaa candles.",3,"[substeps] Self-determination and the specific culture of africa is an important part of kwanzaa. You can still celebrate other holidays, but be sure the only holiday decorations up on december 26th are for kwanzaa.",,,,,,,,,,,,,,,,,,
HS_REVIEW_036,HS_ORIG_05,german,val,5045,wikihow~8380,Holidays and Traditions,"[header] How to light kwanzaa candles [title] Get out your kwanzaa items on the morning of december 26th. [step] Kwanzaa starts the evening of december 26th, so you'll need to get all your items together that morning and afternoon. If you celebrate christmas or any other holiday, put those decorative items away before you set up for kwanzaa.","Get out your kwanzaa items in the morning December 26th. Kwanzaa starts the evening December 26th, so you needs to get all your items together morning and afternoon.","You'll need about three warm-toned coloured candles which you can buy from stores such as salvation army, dollar store, costume house, and walmart. [title] Take any writing items with you to the store.","[step] If you're not sure what to put aside, look up websites like ebay and amazon to find something livable to put aside at the end of the night. Save your empty kwanzaa candle holders.","[substeps] Self-determination and the specific culture of africa is an important part of kwanzaa. You can still celebrate other holidays, but be sure the only holiday decorations up on december 26th are for kwanzaa.","Don't forget to put your candles back where you found them, if you replaced them. [title] Set up your table for kwanzaa candles.",3,"[substeps] Self-determination and the specific culture of africa is an important part of kwanzaa. You can still celebrate other holidays, but be sure the only holiday decorations up on december 26th are for kwanzaa.",,,,,,,,,,,,,,,,,,
HS_REVIEW_037,HS_ORIG_05,japanese,val,5045,wikihow~8380,Holidays and Traditions,"[header] How to light kwanzaa candles [title] Get out your kwanzaa items on the morning of december 26th. [step] Kwanzaa starts the evening of december 26th, so you'll need to get all your items together that morning and afternoon. If you celebrate christmas or any other holiday, put those decorative items away before you set up for kwanzaa.","""Get out kwanzaa items morning of December 26th. Kwanzaa starts the evening of December 26th, so you needs to get all items together morning and afternoon.""","You'll need about three warm-toned coloured candles which you can buy from stores such as salvation army, dollar store, costume house, and walmart. [title] Take any writing items with you to the store.","[step] If you're not sure what to put aside, look up websites like ebay and amazon to find something livable to put aside at the end of the night. Save your empty kwanzaa candle holders.","[substeps] Self-determination and the specific culture of africa is an important part of kwanzaa. You can still celebrate other holidays, but be sure the only holiday decorations up on december 26th are for kwanzaa.","Don't forget to put your candles back where you found them, if you replaced them. [title] Set up your table for kwanzaa candles.",3,"[substeps] Self-determination and the specific culture of africa is an important part of kwanzaa. You can still celebrate other holidays, but be sure the only holiday decorations up on december 26th are for kwanzaa.",,,,,,,,,,,,,,,,,,
HS_REVIEW_038,HS_ORIG_05,portuguese,val,5045,wikihow~8380,Holidays and Traditions,"[header] How to light kwanzaa candles [title] Get out your kwanzaa items on the morning of december 26th. [step] Kwanzaa starts the evening of december 26th, so you'll need to get all your items together that morning and afternoon. If you celebrate christmas or any other holiday, put those decorative items away before you set up for kwanzaa.","""Get out your kwanzaa items the morning December 26th the morning December 26th. Kwanzaa starts the evening December 26th, so will needs to get all your items together morning and afternoon.""","You'll need about three warm-toned coloured candles which you can buy from stores such as salvation army, dollar store, costume house, and walmart. [title] Take any writing items with you to the store.","[step] If you're not sure what to put aside, look up websites like ebay and amazon to find something livable to put aside at the end of the night. Save your empty kwanzaa candle holders.","[substeps] Self-determination and the specific culture of africa is an important part of kwanzaa. You can still celebrate other holidays, but be sure the only holiday decorations up on december 26th are for kwanzaa.","Don't forget to put your candles back where you found them, if you replaced them. [title] Set up your table for kwanzaa candles.",3,"[substeps] Self-determination and the specific culture of africa is an important part of kwanzaa. You can still celebrate other holidays, but be sure the only holiday decorations up on december 26th are for kwanzaa.",,,,,,,,,,,,,,,,,,
HS_REVIEW_039,HS_ORIG_05,russian,val,5045,wikihow~8380,Holidays and Traditions,"[header] How to light kwanzaa candles [title] Get out your kwanzaa items on the morning of december 26th. [step] Kwanzaa starts the evening of december 26th, so you'll need to get all your items together that morning and afternoon. If you celebrate christmas or any other holiday, put those decorative items away before you set up for kwanzaa.","""Get out your kwanzaa items on a morning December 26th. Kwanzaa starts the evening of December 26th, so needs have to get all your items together morning and afternoon.""","You'll need about three warm-toned coloured candles which you can buy from stores such as salvation army, dollar store, costume house, and walmart. [title] Take any writing items with you to the store.","[step] If you're not sure what to put aside, look up websites like ebay and amazon to find something livable to put aside at the end of the night. Save your empty kwanzaa candle holders.","[substeps] Self-determination and the specific culture of africa is an important part of kwanzaa. You can still celebrate other holidays, but be sure the only holiday decorations up on december 26th are for kwanzaa.","Don't forget to put your candles back where you found them, if you replaced them. [title] Set up your table for kwanzaa candles.",3,"[substeps] Self-determination and the specific culture of africa is an important part of kwanzaa. You can still celebrate other holidays, but be sure the only holiday decorations up on december 26th are for kwanzaa.",,,,,,,,,,,,,,,,,,
HS_REVIEW_040,HS_ORIG_05,spanish,val,5045,wikihow~8380,Holidays and Traditions,"[header] How to light kwanzaa candles [title] Get out your kwanzaa items on the morning of december 26th. [step] Kwanzaa starts the evening of december 26th, so you'll need to get all your items together that morning and afternoon. If you celebrate christmas or any other holiday, put those decorative items away before you set up for kwanzaa.","""Get out your kwanzaa items a morning December 26th. Kwanzaa starts the evening of December 26th, so needs have to get all your items together morning and afternoon.""","You'll need about three warm-toned coloured candles which you can buy from stores such as salvation army, dollar store, costume house, and walmart. [title] Take any writing items with you to the store.","[step] If you're not sure what to put aside, look up websites like ebay and amazon to find something livable to put aside at the end of the night. Save your empty kwanzaa candle holders.","[substeps] Self-determination and the specific culture of africa is an important part of kwanzaa. You can still celebrate other holidays, but be sure the only holiday decorations up on december 26th are for kwanzaa.","Don't forget to put your candles back where you found them, if you replaced them. [title] Set up your table for kwanzaa candles.",3,"[substeps] Self-determination and the specific culture of africa is an important part of kwanzaa. You can still celebrate other holidays, but be sure the only holiday decorations up on december 26th are for kwanzaa.",,,,,,,,,,,,,,,,,,
HS_REVIEW_041,HS_ORIG_06,arabic,val,4142,wikihow~6911,Personal Care and Style,"[header] How to choose a short hairstyle as an older woman [title] Decide how short you want to go. [step] Short can mean different things to different people, and the length of your hair can help you decide what cut to go for. For example, pixie cuts are great for women who want extremely short hairstyle while a bob works for those who want a chin-length cut.","""Being deciding how short you want to go, short can mean different things to different people, and length of your hair can help you decide what cut to go for. For example, pixie cuts are great for women wanting extremely short hairstyl while an bobs works for those wanting a chin-length cut.""","What length you want has to do with either your hair or height : [substeps] Your height height. If you want to be younger, stick with half inch hair and half an inch length.",You might decide that you want to go : [substeps] Chin-length mouth-length cheek-length eye or ear length pixie cut [title] Define your hair goals. [step] Try to determine why you want a short haircut.,"Shorter hair tends to look better with longer cuts, so don't buy a bob that looks too short. Stylists must know how to use or talk about shortest cuts.",Here are some tips to help get you started : [substeps] It's not recommended that you go too long. Men over 40 can cut right above mid-length.,2,You might decide that you want to go : [substeps] Chin-length mouth-length cheek-length eye or ear length pixie cut [title] Define your hair goals. [step] Try to determine why you want a short haircut.,,,,,,,,,,,,,,,,,,
HS_REVIEW_042,HS_ORIG_06,chinese,val,4142,wikihow~6911,Personal Care and Style,"[header] How to choose a short hairstyle as an older woman [title] Decide how short you want to go. [step] Short can mean different things to different people, and the length of your hair can help you decide what cut to go for. For example, pixie cuts are great for women who want extremely short hairstyle while a bob works for those who want a chin-length cut.","""Being deciding how short want to go, short can mean different things to different people, and length of your hair can help decide what cut to go for. For example, pixie cuts are great for women wanting extremely short hairstyle while a bobs works for those wanting a chin-length cut.""","What length you want has to do with either your hair or height : [substeps] Your height height. If you want to be younger, stick with half inch hair and half an inch length.",You might decide that you want to go : [substeps] Chin-length mouth-length cheek-length eye or ear length pixie cut [title] Define your hair goals. [step] Try to determine why you want a short haircut.,"Shorter hair tends to look better with longer cuts, so don't buy a bob that looks too short. Stylists must know how to use or talk about shortest cuts.",Here are some tips to help get you started : [substeps] It's not recommended that you go too long. Men over 40 can cut right above mid-length.,2,You might decide that you want to go : [substeps] Chin-length mouth-length cheek-length eye or ear length pixie cut [title] Define your hair goals. [step] Try to determine why you want a short haircut.,,,,,,,,,,,,,,,,,,
HS_REVIEW_043,HS_ORIG_06,french,val,4142,wikihow~6911,Personal Care and Style,"[header] How to choose a short hairstyle as an older woman [title] Decide how short you want to go. [step] Short can mean different things to different people, and the length of your hair can help you decide what cut to go for. For example, pixie cuts are great for women who want extremely short hairstyle while a bob works for those who want a chin-length cut.","""You being deciding how short you want to go, short can mean different things to different people, and length your hair can help you decide what cut to go . For example, pixie cuts are great women wanting extremely short hairstyle while a bob works those wanting a chin-length cut.""","What length you want has to do with either your hair or height : [substeps] Your height height. If you want to be younger, stick with half inch hair and half an inch length.",You might decide that you want to go : [substeps] Chin-length mouth-length cheek-length eye or ear length pixie cut [title] Define your hair goals. [step] Try to determine why you want a short haircut.,"Shorter hair tends to look better with longer cuts, so don't buy a bob that looks too short. Stylists must know how to use or talk about shortest cuts.",Here are some tips to help get you started : [substeps] It's not recommended that you go too long. Men over 40 can cut right above mid-length.,2,You might decide that you want to go : [substeps] Chin-length mouth-length cheek-length eye or ear length pixie cut [title] Define your hair goals. [step] Try to determine why you want a short haircut.,,,,,,,,,,,,,,,,,,
HS_REVIEW_044,HS_ORIG_06,german,val,4142,wikihow~6911,Personal Care and Style,"[header] How to choose a short hairstyle as an older woman [title] Decide how short you want to go. [step] Short can mean different things to different people, and the length of your hair can help you decide what cut to go for. For example, pixie cuts are great for women who want extremely short hairstyle while a bob works for those who want a chin-length cut.","""You being deciding how short you want to go, short can mean different things different people, and length your hair can help you decide what cut to go . For example, pixie cuts are great women wanting extremely short hairstyle while a bob works those wanting a chin-length cut.""","What length you want has to do with either your hair or height : [substeps] Your height height. If you want to be younger, stick with half inch hair and half an inch length.",You might decide that you want to go : [substeps] Chin-length mouth-length cheek-length eye or ear length pixie cut [title] Define your hair goals. [step] Try to determine why you want a short haircut.,"Shorter hair tends to look better with longer cuts, so don't buy a bob that looks too short. Stylists must know how to use or talk about shortest cuts.",Here are some tips to help get you started : [substeps] It's not recommended that you go too long. Men over 40 can cut right above mid-length.,2,You might decide that you want to go : [substeps] Chin-length mouth-length cheek-length eye or ear length pixie cut [title] Define your hair goals. [step] Try to determine why you want a short haircut.,,,,,,,,,,,,,,,,,,
HS_REVIEW_045,HS_ORIG_06,japanese,val,4142,wikihow~6911,Personal Care and Style,"[header] How to choose a short hairstyle as an older woman [title] Decide how short you want to go. [step] Short can mean different things to different people, and the length of your hair can help you decide what cut to go for. For example, pixie cuts are great for women who want extremely short hairstyle while a bob works for those who want a chin-length cut.","""You are wanting to decide how short you want to go, short can mean different things to different people, and length of your hair can help you decide what cut to go for. For example, pixie cuts are great for women are wanting to have extremely short hair while bob works for those wanting to have a chin-length cut.""","What length you want has to do with either your hair or height : [substeps] Your height height. If you want to be younger, stick with half inch hair and half an inch length.",You might decide that you want to go : [substeps] Chin-length mouth-length cheek-length eye or ear length pixie cut [title] Define your hair goals. [step] Try to determine why you want a short haircut.,"Shorter hair tends to look better with longer cuts, so don't buy a bob that looks too short. Stylists must know how to use or talk about shortest cuts.",Here are some tips to help get you started : [substeps] It's not recommended that you go too long. Men over 40 can cut right above mid-length.,2,You might decide that you want to go : [substeps] Chin-length mouth-length cheek-length eye or ear length pixie cut [title] Define your hair goals. [step] Try to determine why you want a short haircut.,,,,,,,,,,,,,,,,,,
HS_REVIEW_046,HS_ORIG_06,portuguese,val,4142,wikihow~6911,Personal Care and Style,"[header] How to choose a short hairstyle as an older woman [title] Decide how short you want to go. [step] Short can mean different things to different people, and the length of your hair can help you decide what cut to go for. For example, pixie cuts are great for women who want extremely short hairstyle while a bob works for those who want a chin-length cut.","You being to go to go decide how short you want to go, short can mean different things to different people, and length of your hair can help you decide what cut to go for. For example, pixie cuts are great for women wanting extremely short hairstyl while a bob works for those wanting a chin-length cut.","What length you want has to do with either your hair or height : [substeps] Your height height. If you want to be younger, stick with half inch hair and half an inch length.",You might decide that you want to go : [substeps] Chin-length mouth-length cheek-length eye or ear length pixie cut [title] Define your hair goals. [step] Try to determine why you want a short haircut.,"Shorter hair tends to look better with longer cuts, so don't buy a bob that looks too short. Stylists must know how to use or talk about shortest cuts.",Here are some tips to help get you started : [substeps] It's not recommended that you go too long. Men over 40 can cut right above mid-length.,2,You might decide that you want to go : [substeps] Chin-length mouth-length cheek-length eye or ear length pixie cut [title] Define your hair goals. [step] Try to determine why you want a short haircut.,,,,,,,,,,,,,,,,,,
HS_REVIEW_047,HS_ORIG_06,russian,val,4142,wikihow~6911,Personal Care and Style,"[header] How to choose a short hairstyle as an older woman [title] Decide how short you want to go. [step] Short can mean different things to different people, and the length of your hair can help you decide what cut to go for. For example, pixie cuts are great for women who want extremely short hairstyle while a bob works for those who want a chin-length cut.","""Are being deciding to how short want to go, short can mean different things to different people, and length of your hair can help decide what cut to go for. For example, pixie cuts are great for women wanting extremely short hairstyle while a bob works for those wanting a chin-length cut.""","What length you want has to do with either your hair or height : [substeps] Your height height. If you want to be younger, stick with half inch hair and half an inch length.",You might decide that you want to go : [substeps] Chin-length mouth-length cheek-length eye or ear length pixie cut [title] Define your hair goals. [step] Try to determine why you want a short haircut.,"Shorter hair tends to look better with longer cuts, so don't buy a bob that looks too short. Stylists must know how to use or talk about shortest cuts.",Here are some tips to help get you started : [substeps] It's not recommended that you go too long. Men over 40 can cut right above mid-length.,2,You might decide that you want to go : [substeps] Chin-length mouth-length cheek-length eye or ear length pixie cut [title] Define your hair goals. [step] Try to determine why you want a short haircut.,,,,,,,,,,,,,,,,,,
HS_REVIEW_048,HS_ORIG_06,spanish,val,4142,wikihow~6911,Personal Care and Style,"[header] How to choose a short hairstyle as an older woman [title] Decide how short you want to go. [step] Short can mean different things to different people, and the length of your hair can help you decide what cut to go for. For example, pixie cuts are great for women who want extremely short hairstyle while a bob works for those who want a chin-length cut.","You being are deciding how short you want to go, short can mean different things to different people, and length of your a hair can help you decide what cut to go for. For example, pixie cuts are great for women wanting extremely short hairstyle while an bob works for those wanting a chin-length cut.","What length you want has to do with either your hair or height : [substeps] Your height height. If you want to be younger, stick with half inch hair and half an inch length.",You might decide that you want to go : [substeps] Chin-length mouth-length cheek-length eye or ear length pixie cut [title] Define your hair goals. [step] Try to determine why you want a short haircut.,"Shorter hair tends to look better with longer cuts, so don't buy a bob that looks too short. Stylists must know how to use or talk about shortest cuts.",Here are some tips to help get you started : [substeps] It's not recommended that you go too long. Men over 40 can cut right above mid-length.,2,You might decide that you want to go : [substeps] Chin-length mouth-length cheek-length eye or ear length pixie cut [title] Define your hair goals. [step] Try to determine why you want a short haircut.,,,,,,,,,,,,,,,,,,
HS_REVIEW_049,HS_ORIG_07,arabic,val,50580,wikihow~83236,Family Life,"[header] How to become a foster parent in new york [title] Read up on the responsibilities. [step] A foster parent provides nurturing care and a stable home for children who cannot currently live with their natural parents. Typically, children are removed because of abuse or neglect.","""How to become a foster parent New York. Read the jobs plus a foster parent provides kind care and a safe home children who cannot live their real parents now.""","If you need help, ask a qualified foster parent. [substeps] A qualified foster care agency, if applicable, is responsible for providing foster care.","To prepare for this role, you should read up on the responsibilities you have experienced while serving as your foster parent. [substeps] To learn more about the responsibilities you will see, go to: https: // elevearcare.","Because the child probably suffers from trauma due to being separated from his or her home, a foster parent needs to provide patience, love, and affection in addition to food, shelter, and clothing. [substeps] You will also need to make sure that children get the mental and physical health care that they need.","For this reason, the foster parents are required to have a few years of experience with their child's household in order to have a high likelihood of earning legal custody of the child. [substeps] It can take several years to earn the license to be a foster parent.",3,"Because the child probably suffers from trauma due to being separated from his or her home, a foster parent needs to provide patience, love, and affection in addition to food, shelter, and clothing. [substeps] You will also need to make sure that children get the mental and physical health care that they need.",,,,,,,,,,,,,,,,,,
HS_REVIEW_050,HS_ORIG_07,chinese,val,50580,wikihow~83236,Family Life,"[header] How to become a foster parent in new york [title] Read up on the responsibilities. [step] A foster parent provides nurturing care and a stable home for children who cannot currently live with their natural parents. Typically, children are removed because of abuse or neglect.","""How to become an foster parent in New York. Read on the jobs up plus an foster parent provides kind care and the safe home for children who cannot live with their real parents now.""","If you need help, ask a qualified foster parent. [substeps] A qualified foster care agency, if applicable, is responsible for providing foster care.","To prepare for this role, you should read up on the responsibilities you have experienced while serving as your foster parent. [substeps] To learn more about the responsibilities you will see, go to: https: // elevearcare.","Because the child probably suffers from trauma due to being separated from his or her home, a foster parent needs to provide patience, love, and affection in addition to food, shelter, and clothing. [substeps] You will also need to make sure that children get the mental and physical health care that they need.","For this reason, the foster parents are required to have a few years of experience with their child's household in order to have a high likelihood of earning legal custody of the child. [substeps] It can take several years to earn the license to be a foster parent.",3,"Because the child probably suffers from trauma due to being separated from his or her home, a foster parent needs to provide patience, love, and affection in addition to food, shelter, and clothing. [substeps] You will also need to make sure that children get the mental and physical health care that they need.",,,,,,,,,,,,,,,,,,
HS_REVIEW_051,HS_ORIG_07,french,val,50580,wikihow~83236,Family Life,"[header] How to become a foster parent in new york [title] Read up on the responsibilities. [step] A foster parent provides nurturing care and a stable home for children who cannot currently live with their natural parents. Typically, children are removed because of abuse or neglect.","""How to become a foster parent New York. Read the jobs plus a foster parent provides kind care and a safe home children who cannot live their real parents now.""","If you need help, ask a qualified foster parent. [substeps] A qualified foster care agency, if applicable, is responsible for providing foster care.","To prepare for this role, you should read up on the responsibilities you have experienced while serving as your foster parent. [substeps] To learn more about the responsibilities you will see, go to: https: // elevearcare.","Because the child probably suffers from trauma due to being separated from his or her home, a foster parent needs to provide patience, love, and affection in addition to food, shelter, and clothing. [substeps] You will also need to make sure that children get the mental and physical health care that they need.","For this reason, the foster parents are required to have a few years of experience with their child's household in order to have a high likelihood of earning legal custody of the child. [substeps] It can take several years to earn the license to be a foster parent.",3,"Because the child probably suffers from trauma due to being separated from his or her home, a foster parent needs to provide patience, love, and affection in addition to food, shelter, and clothing. [substeps] You will also need to make sure that children get the mental and physical health care that they need.",,,,,,,,,,,,,,,,,,
HS_REVIEW_052,HS_ORIG_07,german,val,50580,wikihow~83236,Family Life,"[header] How to become a foster parent in new york [title] Read up on the responsibilities. [step] A foster parent provides nurturing care and a stable home for children who cannot currently live with their natural parents. Typically, children are removed because of abuse or neglect.","""How to become a foster parent New York. Read the jobs plus a foster parent provides kindly care and a safe home children who cannot live their real parents now.""","If you need help, ask a qualified foster parent. [substeps] A qualified foster care agency, if applicable, is responsible for providing foster care.","To prepare for this role, you should read up on the responsibilities you have experienced while serving as your foster parent. [substeps] To learn more about the responsibilities you will see, go to: https: // elevearcare.","Because the child probably suffers from trauma due to being separated from his or her home, a foster parent needs to provide patience, love, and affection in addition to food, shelter, and clothing. [substeps] You will also need to make sure that children get the mental and physical health care that they need.","For this reason, the foster parents are required to have a few years of experience with their child's household in order to have a high likelihood of earning legal custody of the child. [substeps] It can take several years to earn the license to be a foster parent.",3,"Because the child probably suffers from trauma due to being separated from his or her home, a foster parent needs to provide patience, love, and affection in addition to food, shelter, and clothing. [substeps] You will also need to make sure that children get the mental and physical health care that they need.",,,,,,,,,,,,,,,,,,
HS_REVIEW_053,HS_ORIG_07,japanese,val,50580,wikihow~83236,Family Life,"[header] How to become a foster parent in new york [title] Read up on the responsibilities. [step] A foster parent provides nurturing care and a stable home for children who cannot currently live with their natural parents. Typically, children are removed because of abuse or neglect.","""How to become a foster parentage New York. Read the jobs up plus a foster parentage provides kind care and a safe home children who cannot live with their real parents now.""","If you need help, ask a qualified foster parent. [substeps] A qualified foster care agency, if applicable, is responsible for providing foster care.","To prepare for this role, you should read up on the responsibilities you have experienced while serving as your foster parent. [substeps] To learn more about the responsibilities you will see, go to: https: // elevearcare.","Because the child probably suffers from trauma due to being separated from his or her home, a foster parent needs to provide patience, love, and affection in addition to food, shelter, and clothing. [substeps] You will also need to make sure that children get the mental and physical health care that they need.","For this reason, the foster parents are required to have a few years of experience with their child's household in order to have a high likelihood of earning legal custody of the child. [substeps] It can take several years to earn the license to be a foster parent.",3,"Because the child probably suffers from trauma due to being separated from his or her home, a foster parent needs to provide patience, love, and affection in addition to food, shelter, and clothing. [substeps] You will also need to make sure that children get the mental and physical health care that they need.",,,,,,,,,,,,,,,,,,
HS_REVIEW_054,HS_ORIG_07,portuguese,val,50580,wikihow~83236,Family Life,"[header] How to become a foster parent in new york [title] Read up on the responsibilities. [step] A foster parent provides nurturing care and a stable home for children who cannot currently live with their natural parents. Typically, children are removed because of abuse or neglect.","""How to become a foster parents in New York. Read on the jobs up plus a foster parent is can provide kind care and a safe home for children who cannot live with their real parents now.""","If you need help, ask a qualified foster parent. [substeps] A qualified foster care agency, if applicable, is responsible for providing foster care.","To prepare for this role, you should read up on the responsibilities you have experienced while serving as your foster parent. [substeps] To learn more about the responsibilities you will see, go to: https: // elevearcare.","Because the child probably suffers from trauma due to being separated from his or her home, a foster parent needs to provide patience, love, and affection in addition to food, shelter, and clothing. [substeps] You will also need to make sure that children get the mental and physical health care that they need.","For this reason, the foster parents are required to have a few years of experience with their child's household in order to have a high likelihood of earning legal custody of the child. [substeps] It can take several years to earn the license to be a foster parent.",3,"Because the child probably suffers from trauma due to being separated from his or her home, a foster parent needs to provide patience, love, and affection in addition to food, shelter, and clothing. [substeps] You will also need to make sure that children get the mental and physical health care that they need.",,,,,,,,,,,,,,,,,,
HS_REVIEW_055,HS_ORIG_07,russian,val,50580,wikihow~83236,Family Life,"[header] How to become a foster parent in new york [title] Read up on the responsibilities. [step] A foster parent provides nurturing care and a stable home for children who cannot currently live with their natural parents. Typically, children are removed because of abuse or neglect.","""How to become an foster parent New York. Read the jobs plus an foster parent do provides kind care and an safe home children who cannot live with their real parents now.""","If you need help, ask a qualified foster parent. [substeps] A qualified foster care agency, if applicable, is responsible for providing foster care.","To prepare for this role, you should read up on the responsibilities you have experienced while serving as your foster parent. [substeps] To learn more about the responsibilities you will see, go to: https: // elevearcare.","Because the child probably suffers from trauma due to being separated from his or her home, a foster parent needs to provide patience, love, and affection in addition to food, shelter, and clothing. [substeps] You will also need to make sure that children get the mental and physical health care that they need.","For this reason, the foster parents are required to have a few years of experience with their child's household in order to have a high likelihood of earning legal custody of the child. [substeps] It can take several years to earn the license to be a foster parent.",3,"Because the child probably suffers from trauma due to being separated from his or her home, a foster parent needs to provide patience, love, and affection in addition to food, shelter, and clothing. [substeps] You will also need to make sure that children get the mental and physical health care that they need.",,,,,,,,,,,,,,,,,,
HS_REVIEW_056,HS_ORIG_07,spanish,val,50580,wikihow~83236,Family Life,"[header] How to become a foster parent in new york [title] Read up on the responsibilities. [step] A foster parent provides nurturing care and a stable home for children who cannot currently live with their natural parents. Typically, children are removed because of abuse or neglect.","""How to become a foster parent New York. Read do the jobs up plus a foster parent provides kind care and a safe home children who cannot live with their real parents now.""","If you need help, ask a qualified foster parent. [substeps] A qualified foster care agency, if applicable, is responsible for providing foster care.","To prepare for this role, you should read up on the responsibilities you have experienced while serving as your foster parent. [substeps] To learn more about the responsibilities you will see, go to: https: // elevearcare.","Because the child probably suffers from trauma due to being separated from his or her home, a foster parent needs to provide patience, love, and affection in addition to food, shelter, and clothing. [substeps] You will also need to make sure that children get the mental and physical health care that they need.","For this reason, the foster parents are required to have a few years of experience with their child's household in order to have a high likelihood of earning legal custody of the child. [substeps] It can take several years to earn the license to be a foster parent.",3,"Because the child probably suffers from trauma due to being separated from his or her home, a foster parent needs to provide patience, love, and affection in addition to food, shelter, and clothing. [substeps] You will also need to make sure that children get the mental and physical health care that they need.",,,,,,,,,,,,,,,,,,
HS_REVIEW_057,HS_ORIG_08,arabic,val,9985,activitynet~v_xDD9rWISPpk,Powerbocking,A man is running down the street wearing stilts. he,"""A men are running down the street wearing stilts.""",turns around and runs the other direction.,stops in front of a house and picks up a large piece of wood.,takes off on a skateboard in a fast manner.,takes a huge leap through the air.,1,turns around and runs the other direction.,,,,,,,,,,,,,,,,,,
HS_REVIEW_058,HS_ORIG_08,chinese,val,9985,activitynet~v_xDD9rWISPpk,Powerbocking,A man is running down the street wearing stilts. he,"""A man are running down the street wearing stilts.""",turns around and runs the other direction.,stops in front of a house and picks up a large piece of wood.,takes off on a skateboard in a fast manner.,takes a huge leap through the air.,1,turns around and runs the other direction.,,,,,,,,,,,,,,,,,,
HS_REVIEW_059,HS_ORIG_08,french,val,9985,activitynet~v_xDD9rWISPpk,Powerbocking,A man is running down the street wearing stilts. he,"""A man are running down the street wearing stilts.""",turns around and runs the other direction.,stops in front of a house and picks up a large piece of wood.,takes off on a skateboard in a fast manner.,takes a huge leap through the air.,1,turns around and runs the other direction.,,,,,,,,,,,,,,,,,,
HS_REVIEW_060,HS_ORIG_08,german,val,9985,activitynet~v_xDD9rWISPpk,Powerbocking,A man is running down the street wearing stilts. he,"""A man are running down the street wearing stilts.""",turns around and runs the other direction.,stops in front of a house and picks up a large piece of wood.,takes off on a skateboard in a fast manner.,takes a huge leap through the air.,1,turns around and runs the other direction.,,,,,,,,,,,,,,,,,,
HS_REVIEW_061,HS_ORIG_08,japanese,val,9985,activitynet~v_xDD9rWISPpk,Powerbocking,A man is running down the street wearing stilts. he,A men are to run down the street wearing stilts.,turns around and runs the other direction.,stops in front of a house and picks up a large piece of wood.,takes off on a skateboard in a fast manner.,takes a huge leap through the air.,1,turns around and runs the other direction.,,,,,,,,,,,,,,,,,,
HS_REVIEW_062,HS_ORIG_08,portuguese,val,9985,activitynet~v_xDD9rWISPpk,Powerbocking,A man is running down the street wearing stilts. he,A man is running down the down the street wearing stilts.,turns around and runs the other direction.,stops in front of a house and picks up a large piece of wood.,takes off on a skateboard in a fast manner.,takes a huge leap through the air.,1,turns around and runs the other direction.,,,,,,,,,,,,,,,,,,
HS_REVIEW_063,HS_ORIG_08,russian,val,9985,activitynet~v_xDD9rWISPpk,Powerbocking,A man is running down the street wearing stilts. he,"""A man are to is running down the street wearing stilts.""",turns around and runs the other direction.,stops in front of a house and picks up a large piece of wood.,takes off on a skateboard in a fast manner.,takes a huge leap through the air.,1,turns around and runs the other direction.,,,,,,,,,,,,,,,,,,
HS_REVIEW_064,HS_ORIG_08,spanish,val,9985,activitynet~v_xDD9rWISPpk,Powerbocking,A man is running down the street wearing stilts. he,An man is run the street wearing stilts.,turns around and runs the other direction.,stops in front of a house and picks up a large piece of wood.,takes off on a skateboard in a fast manner.,takes a huge leap through the air.,1,turns around and runs the other direction.,,,,,,,,,,,,,,,,,,
HS_REVIEW_065,HS_ORIG_09,arabic,val,42379,wikihow~69714,Family Life,"[header] How to plan a christmas wedding [title] Look into alternative venues to save money. [step] As many events occur around the holidays, it may be pricier to book a traditional venue like a church. If money is an issue, look into alternative venues.","How to plan a christmas wedding Look alternative venues save money. As many events occur the holidays, it can be pricier book a traditional venue church. If money is an issue, look this ones.","[substeps] If you're having a winter wedding in a warmer region, consider marrying in an outdoor park. Usually, the only fee required is a small registration fee.","Either stay at a rural or close-knit venue to save money, or book the venue where you usually do your fancy wedding activities. Before booking your venue, talk to local and national leaders to find out what options are available.","You can either opt to have a renaissance wedding in a park where everyone will be happy to go for an afternoon, or a garden with a wide array of flowers. [substeps] Another option is to have a simple church wedding where people in the church and the cathedral go out shopping for food and edibles.","[substeps] Attending a church service, even if it's not a traditional christmas wedding, can save you money. Also, it may be cheaper because you'll make a special "" guest of honor "" as well.",1,"[substeps] If you're having a winter wedding in a warmer region, consider marrying in an outdoor park. Usually, the only fee required is a small registration fee.",,,,,,,,,,,,,,,,,,
HS_REVIEW_066,HS_ORIG_09,chinese,val,42379,wikihow~69714,Family Life,"[header] How to plan a christmas wedding [title] Look into alternative venues to save money. [step] As many events occur around the holidays, it may be pricier to book a traditional venue like a church. If money is an issue, look into alternative venues.","[header] How to plan a christmas wedding [title] Look into alternative venues to save money. [step] As many events occur around the holidays, it can be pricier to book a traditional venue like a churches. If money is an issue, look into this ones.","[substeps] If you're having a winter wedding in a warmer region, consider marrying in an outdoor park. Usually, the only fee required is a small registration fee.","Either stay at a rural or close-knit venue to save money, or book the venue where you usually do your fancy wedding activities. Before booking your venue, talk to local and national leaders to find out what options are available.","You can either opt to have a renaissance wedding in a park where everyone will be happy to go for an afternoon, or a garden with a wide array of flowers. [substeps] Another option is to have a simple church wedding where people in the church and the cathedral go out shopping for food and edibles.","[substeps] Attending a church service, even if it's not a traditional christmas wedding, can save you money. Also, it may be cheaper because you'll make a special "" guest of honor "" as well.",1,"[substeps] If you're having a winter wedding in a warmer region, consider marrying in an outdoor park. Usually, the only fee required is a small registration fee.",,,,,,,,,,,,,,,,,,
HS_REVIEW_067,HS_ORIG_09,french,val,42379,wikihow~69714,Family Life,"[header] How to plan a christmas wedding [title] Look into alternative venues to save money. [step] As many events occur around the holidays, it may be pricier to book a traditional venue like a church. If money is an issue, look into alternative venues.","[header] How to plan a christmas wedding [title] To look into alternative venues to save money. [step] As many events occur around the holidays, it can be pricier to book a traditional venue like a church. If money is an issue, look into these ones.","[substeps] If you're having a winter wedding in a warmer region, consider marrying in an outdoor park. Usually, the only fee required is a small registration fee.","Either stay at a rural or close-knit venue to save money, or book the venue where you usually do your fancy wedding activities. Before booking your venue, talk to local and national leaders to find out what options are available.","You can either opt to have a renaissance wedding in a park where everyone will be happy to go for an afternoon, or a garden with a wide array of flowers. [substeps] Another option is to have a simple church wedding where people in the church and the cathedral go out shopping for food and edibles.","[substeps] Attending a church service, even if it's not a traditional christmas wedding, can save you money. Also, it may be cheaper because you'll make a special "" guest of honor "" as well.",1,"[substeps] If you're having a winter wedding in a warmer region, consider marrying in an outdoor park. Usually, the only fee required is a small registration fee.",,,,,,,,,,,,,,,,,,
HS_REVIEW_068,HS_ORIG_09,german,val,42379,wikihow~69714,Family Life,"[header] How to plan a christmas wedding [title] Look into alternative venues to save money. [step] As many events occur around the holidays, it may be pricier to book a traditional venue like a church. If money is an issue, look into alternative venues.","[header] How to plan a christmas wedding [title] Look into alternative venues to save money. [step] As many events occur around the holidays, it can be pricier to book a traditional venue like a church. If money is an issue, look into these ones.","[substeps] If you're having a winter wedding in a warmer region, consider marrying in an outdoor park. Usually, the only fee required is a small registration fee.","Either stay at a rural or close-knit venue to save money, or book the venue where you usually do your fancy wedding activities. Before booking your venue, talk to local and national leaders to find out what options are available.","You can either opt to have a renaissance wedding in a park where everyone will be happy to go for an afternoon, or a garden with a wide array of flowers. [substeps] Another option is to have a simple church wedding where people in the church and the cathedral go out shopping for food and edibles.","[substeps] Attending a church service, even if it's not a traditional christmas wedding, can save you money. Also, it may be cheaper because you'll make a special "" guest of honor "" as well.",1,"[substeps] If you're having a winter wedding in a warmer region, consider marrying in an outdoor park. Usually, the only fee required is a small registration fee.",,,,,,,,,,,,,,,,,,
HS_REVIEW_069,HS_ORIG_09,japanese,val,42379,wikihow~69714,Family Life,"[header] How to plan a christmas wedding [title] Look into alternative venues to save money. [step] As many events occur around the holidays, it may be pricier to book a traditional venue like a church. If money is an issue, look into alternative venues.","[header] How to plan a christmas wedding [title] Look to look into alternative venues to save money. [step] As many events occur around the holidays, it can be pricier to book a traditional venu like a church. If money is an issue, look into these ones.","[substeps] If you're having a winter wedding in a warmer region, consider marrying in an outdoor park. Usually, the only fee required is a small registration fee.","Either stay at a rural or close-knit venue to save money, or book the venue where you usually do your fancy wedding activities. Before booking your venue, talk to local and national leaders to find out what options are available.","You can either opt to have a renaissance wedding in a park where everyone will be happy to go for an afternoon, or a garden with a wide array of flowers. [substeps] Another option is to have a simple church wedding where people in the church and the cathedral go out shopping for food and edibles.","[substeps] Attending a church service, even if it's not a traditional christmas wedding, can save you money. Also, it may be cheaper because you'll make a special "" guest of honor "" as well.",1,"[substeps] If you're having a winter wedding in a warmer region, consider marrying in an outdoor park. Usually, the only fee required is a small registration fee.",,,,,,,,,,,,,,,,,,
HS_REVIEW_070,HS_ORIG_09,portuguese,val,42379,wikihow~69714,Family Life,"[header] How to plan a christmas wedding [title] Look into alternative venues to save money. [step] As many events occur around the holidays, it may be pricier to book a traditional venue like a church. If money is an issue, look into alternative venues.","How to plan a christmas wedding Look into look into alternative venue to save money. As many events occur around the holidays, it can be pricier to book a traditional venue like a church. If money is an issue,  look into these ones.","[substeps] If you're having a winter wedding in a warmer region, consider marrying in an outdoor park. Usually, the only fee required is a small registration fee.","Either stay at a rural or close-knit venue to save money, or book the venue where you usually do your fancy wedding activities. Before booking your venue, talk to local and national leaders to find out what options are available.","You can either opt to have a renaissance wedding in a park where everyone will be happy to go for an afternoon, or a garden with a wide array of flowers. [substeps] Another option is to have a simple church wedding where people in the church and the cathedral go out shopping for food and edibles.","[substeps] Attending a church service, even if it's not a traditional christmas wedding, can save you money. Also, it may be cheaper because you'll make a special "" guest of honor "" as well.",1,"[substeps] If you're having a winter wedding in a warmer region, consider marrying in an outdoor park. Usually, the only fee required is a small registration fee.",,,,,,,,,,,,,,,,,,
HS_REVIEW_071,HS_ORIG_09,russian,val,42379,wikihow~69714,Family Life,"[header] How to plan a christmas wedding [title] Look into alternative venues to save money. [step] As many events occur around the holidays, it may be pricier to book a traditional venue like a church. If money is an issue, look into alternative venues.","[header] How to plan a christmas wedding [title] Look into alternative venues to save money. [step] As many events occur around the holidays, it can are pricier to book a traditional venue like an churchs. If money is an issue, look into these ones.","[substeps] If you're having a winter wedding in a warmer region, consider marrying in an outdoor park. Usually, the only fee required is a small registration fee.","Either stay at a rural or close-knit venue to save money, or book the venue where you usually do your fancy wedding activities. Before booking your venue, talk to local and national leaders to find out what options are available.","You can either opt to have a renaissance wedding in a park where everyone will be happy to go for an afternoon, or a garden with a wide array of flowers. [substeps] Another option is to have a simple church wedding where people in the church and the cathedral go out shopping for food and edibles.","[substeps] Attending a church service, even if it's not a traditional christmas wedding, can save you money. Also, it may be cheaper because you'll make a special "" guest of honor "" as well.",1,"[substeps] If you're having a winter wedding in a warmer region, consider marrying in an outdoor park. Usually, the only fee required is a small registration fee.",,,,,,,,,,,,,,,,,,
HS_REVIEW_072,HS_ORIG_09,spanish,val,42379,wikihow~69714,Family Life,"[header] How to plan a christmas wedding [title] Look into alternative venues to save money. [step] As many events occur around the holidays, it may be pricier to book a traditional venue like a church. If money is an issue, look into alternative venues.","[header] How to plan a christmas wedding [title] Look into alternative venues to save money. [step] As many events occur around the holidays, it can be pricier to book a traditional venue like a churches. If money is an issue, look into these ones.","[substeps] If you're having a winter wedding in a warmer region, consider marrying in an outdoor park. Usually, the only fee required is a small registration fee.","Either stay at a rural or close-knit venue to save money, or book the venue where you usually do your fancy wedding activities. Before booking your venue, talk to local and national leaders to find out what options are available.","You can either opt to have a renaissance wedding in a park where everyone will be happy to go for an afternoon, or a garden with a wide array of flowers. [substeps] Another option is to have a simple church wedding where people in the church and the cathedral go out shopping for food and edibles.","[substeps] Attending a church service, even if it's not a traditional christmas wedding, can save you money. Also, it may be cheaper because you'll make a special "" guest of honor "" as well.",1,"[substeps] If you're having a winter wedding in a warmer region, consider marrying in an outdoor park. Usually, the only fee required is a small registration fee.",,,,,,,,,,,,,,,,,,
HS_REVIEW_073,HS_ORIG_10,arabic,val,17345,wikihow~28652,Family Life,[header] How to convince parents to find time for themselves [title] Start the conversation. [step] The very first and basic step is you need to initiate talking about the matter. Keep it light.,A ste very first and basic you are needing to initiate your talking the matter plus keep it light.,"Something like, "" i really want to talk about my new job. Have you thought about that? "" would be great times to talk.","No more than three minutes are a good number. Ideally, you want to start the conversation with something dull and boring-like anything that would be seen on television, such as doctors or actors.",You have to bring that comfort level so that they feel like they can open up to you. This comes through sharing and asking them about what is happening in their life.,"When you're chatting, start your message with an' i', rather than' you', and keep it on the point that's coming up. The more positive you are as a person, the more you'll grow to understand that your parents may want to encourage your learning.",3,You have to bring that comfort level so that they feel like they can open up to you. This comes through sharing and asking them about what is happening in their life.,,,,,,,,,,,,,,,,,,
HS_REVIEW_074,HS_ORIG_10,chinese,val,17345,wikihow~28652,Family Life,[header] How to convince parents to find time for themselves [title] Start the conversation. [step] The very first and basic step is you need to initiate talking about the matter. Keep it light.,The very first and basic steps are needing to initiate talking about the matter plus keep it light.,"Something like, "" i really want to talk about my new job. Have you thought about that? "" would be great times to talk.","No more than three minutes are a good number. Ideally, you want to start the conversation with something dull and boring-like anything that would be seen on television, such as doctors or actors.",You have to bring that comfort level so that they feel like they can open up to you. This comes through sharing and asking them about what is happening in their life.,"When you're chatting, start your message with an' i', rather than' you', and keep it on the point that's coming up. The more positive you are as a person, the more you'll grow to understand that your parents may want to encourage your learning.",3,You have to bring that comfort level so that they feel like they can open up to you. This comes through sharing and asking them about what is happening in their life.,,,,,,,,,,,,,,,,,,
HS_REVIEW_075,HS_ORIG_10,french,val,17345,wikihow~28652,Family Life,[header] How to convince parents to find time for themselves [title] Start the conversation. [step] The very first and basic step is you need to initiate talking about the matter. Keep it light.,"""The very first and basic step you are needing to initiate your talking about the matter plus keep it light.""","Something like, "" i really want to talk about my new job. Have you thought about that? "" would be great times to talk.","No more than three minutes are a good number. Ideally, you want to start the conversation with something dull and boring-like anything that would be seen on television, such as doctors or actors.",You have to bring that comfort level so that they feel like they can open up to you. This comes through sharing and asking them about what is happening in their life.,"When you're chatting, start your message with an' i', rather than' you', and keep it on the point that's coming up. The more positive you are as a person, the more you'll grow to understand that your parents may want to encourage your learning.",3,You have to bring that comfort level so that they feel like they can open up to you. This comes through sharing and asking them about what is happening in their life.,,,,,,,,,,,,,,,,,,
HS_REVIEW_076,HS_ORIG_10,german,val,17345,wikihow~28652,Family Life,[header] How to convince parents to find time for themselves [title] Start the conversation. [step] The very first and basic step is you need to initiate talking about the matter. Keep it light.,"""The much first and basic step you are needing initiating your talking the matter plus keep it light.""","Something like, "" i really want to talk about my new job. Have you thought about that? "" would be great times to talk.","No more than three minutes are a good number. Ideally, you want to start the conversation with something dull and boring-like anything that would be seen on television, such as doctors or actors.",You have to bring that comfort level so that they feel like they can open up to you. This comes through sharing and asking them about what is happening in their life.,"When you're chatting, start your message with an' i', rather than' you', and keep it on the point that's coming up. The more positive you are as a person, the more you'll grow to understand that your parents may want to encourage your learning.",3,You have to bring that comfort level so that they feel like they can open up to you. This comes through sharing and asking them about what is happening in their life.,,,,,,,,,,,,,,,,,,
HS_REVIEW_077,HS_ORIG_10,japanese,val,17345,wikihow~28652,Family Life,[header] How to convince parents to find time for themselves [title] Start the conversation. [step] The very first and basic step is you need to initiate talking about the matter. Keep it light.,"""The very first and basic a ste you are needing initiate your talking the matter plus keep it light.""","Something like, "" i really want to talk about my new job. Have you thought about that? "" would be great times to talk.","No more than three minutes are a good number. Ideally, you want to start the conversation with something dull and boring-like anything that would be seen on television, such as doctors or actors.",You have to bring that comfort level so that they feel like they can open up to you. This comes through sharing and asking them about what is happening in their life.,"When you're chatting, start your message with an' i', rather than' you', and keep it on the point that's coming up. The more positive you are as a person, the more you'll grow to understand that your parents may want to encourage your learning.",3,You have to bring that comfort level so that they feel like they can open up to you. This comes through sharing and asking them about what is happening in their life.,,,,,,,,,,,,,,,,,,
HS_REVIEW_078,HS_ORIG_10,portuguese,val,17345,wikihow~28652,Family Life,[header] How to convince parents to find time for themselves [title] Start the conversation. [step] The very first and basic step is you need to initiate talking about the matter. Keep it light.,"""The very first and basic step are are needing to initiate talking about the matter plus keep it light.""","Something like, "" i really want to talk about my new job. Have you thought about that? "" would be great times to talk.","No more than three minutes are a good number. Ideally, you want to start the conversation with something dull and boring-like anything that would be seen on television, such as doctors or actors.",You have to bring that comfort level so that they feel like they can open up to you. This comes through sharing and asking them about what is happening in their life.,"When you're chatting, start your message with an' i', rather than' you', and keep it on the point that's coming up. The more positive you are as a person, the more you'll grow to understand that your parents may want to encourage your learning.",3,You have to bring that comfort level so that they feel like they can open up to you. This comes through sharing and asking them about what is happening in their life.,,,,,,,,,,,,,,,,,,
HS_REVIEW_079,HS_ORIG_10,russian,val,17345,wikihow~28652,Family Life,[header] How to convince parents to find time for themselves [title] Start the conversation. [step] The very first and basic step is you need to initiate talking about the matter. Keep it light.,"""A very first and basic step you are doing needing to to initiate your talking the matter plus keep it light.""","Something like, "" i really want to talk about my new job. Have you thought about that? "" would be great times to talk.","No more than three minutes are a good number. Ideally, you want to start the conversation with something dull and boring-like anything that would be seen on television, such as doctors or actors.",You have to bring that comfort level so that they feel like they can open up to you. This comes through sharing and asking them about what is happening in their life.,"When you're chatting, start your message with an' i', rather than' you', and keep it on the point that's coming up. The more positive you are as a person, the more you'll grow to understand that your parents may want to encourage your learning.",3,You have to bring that comfort level so that they feel like they can open up to you. This comes through sharing and asking them about what is happening in their life.,,,,,,,,,,,,,,,,,,
HS_REVIEW_080,HS_ORIG_10,spanish,val,17345,wikihow~28652,Family Life,[header] How to convince parents to find time for themselves [title] Start the conversation. [step] The very first and basic step is you need to initiate talking about the matter. Keep it light.,The very first and basic steps are needing to initiate talking about a matter plus keep it light.,"Something like, "" i really want to talk about my new job. Have you thought about that? "" would be great times to talk.","No more than three minutes are a good number. Ideally, you want to start the conversation with something dull and boring-like anything that would be seen on television, such as doctors or actors.",You have to bring that comfort level so that they feel like they can open up to you. This comes through sharing and asking them about what is happening in their life.,"When you're chatting, start your message with an' i', rather than' you', and keep it on the point that's coming up. The more positive you are as a person, the more you'll grow to understand that your parents may want to encourage your learning.",3,You have to bring that comfort level so that they feel like they can open up to you. This comes through sharing and asking them about what is happening in their life.,,,,,,,,,,,,,,,,,,
